date,blood_type,donations,demand,inventory,holiday
2026-03-26,O+,94,97,1209,False
2026-03-27,O+,108,92,1225,False
2026-03-28,O+,86,83,1228,False
2026-03-29,O+,59,73,1214,False
2026-03-30,O+,90,118,1186,False
2026-03-31,O+,113,95,1204,False
2026-04-01,O+,102,140,1166,False
2026-04-02,O+,103,105,1164,False
2026-04-03,O+,51,74,1141,True
2026-04-04,O+,117,82,1176,False
2026-04-05,O+,70,68,1178,False
2026-04-06,O+,49,119,1108,True
2026-04-07,O+,128,120,1116,False
2026-04-08,O+,98,113,1101,False
2026-04-09,O+,138,110,1129,False
2026-04-10,O+,138,93,1174,False
2026-04-11,O+,77,87,1164,False
2026-04-12,O+,65,91,1138,False
2026-04-13,O+,110,99,1149,False
2026-04-14,O+,118,96,1171,False
2026-04-15,O+,109,109,1171,False
2026-04-16,O+,133,98,1206,False
2026-04-17,O+,133,105,1234,False
2026-04-18,O+,87,100,1221,False
2026-04-19,O+,62,73,1210,False
2026-04-20,O+,94,116,1188,False
2026-04-21,O+,91,114,1165,False
2026-04-22,O+,119,108,1176,False
2026-04-23,O+,115,85,1206,False
2026-04-24,O+,103,98,1211,False
2026-04-25,O+,85,85,1211,False
2026-04-26,O+,69,82,1198,False
2026-04-27,O+,92,155,1135,False
2026-04-28,O+,97,128,1104,False
2026-04-29,O+,122,105,1121,False
2026-04-30,O+,107,106,1122,False
2026-05-01,O+,55,102,1075,True
2026-05-02,O+,97,131,1041,False
2026-05-03,O+,73,67,1047,False
2026-05-04,O+,116,113,1050,False
2026-05-05,O+,147,110,1087,False
2026-05-06,O+,108,106,1089,False
2026-05-07,O+,140,115,1114,False
2026-05-08,O+,120,103,1131,False
2026-05-09,O+,103,81,1153,False
2026-05-10,O+,61,82,1132,False
2026-05-11,O+,84,104,1112,False
2026-05-12,O+,104,109,1107,False
2026-05-13,O+,112,118,1101,False
2026-05-14,O+,56,117,1040,True
2026-05-15,O+,142,97,1085,False
2026-05-16,O+,84,91,1078,False
2026-05-17,O+,72,77,1073,False
2026-05-18,O+,101,110,1064,False
2026-05-19,O+,95,106,1053,False
2026-05-20,O+,124,100,1077,False
2026-05-21,O+,120,100,1097,False
2026-05-22,O+,112,95,1114,False
2026-05-23,O+,102,76,1140,False
2026-05-24,O+,50,88,1102,False
2026-05-25,O+,51,110,1043,True
2026-05-26,O+,123,122,1044,False
2026-05-27,O+,107,106,1045,False
2026-05-28,O+,110,102,1053,False
2026-05-29,O+,120,110,1063,False
2026-05-30,O+,101,87,1077,False
2026-05-31,O+,67,72,1072,False
2026-06-01,O+,112,95,1089,False
2026-06-02,O+,123,115,1097,False
2026-06-03,O+,108,85,1120,False
2026-06-04,O+,133,115,1138,False
2026-06-05,O+,99,79,1158,False
2026-06-06,O+,73,72,1159,False
2026-06-07,O+,64,72,1151,False
2026-06-08,O+,86,97,1140,False
2026-06-09,O+,102,109,1133,False
2026-06-10,O+,115,100,1148,False
2026-06-11,O+,112,97,1163,False
2026-06-12,O+,124,97,1190,False
2026-06-13,O+,97,85,1202,False
2026-06-14,O+,61,65,1198,False
2026-06-15,O+,97,113,1182,False
2026-06-16,O+,99,127,1154,False
2026-06-17,O+,87,110,1131,False
2026-06-18,O+,107,113,1125,False
2026-06-19,O+,110,91,1144,False
2026-06-20,O+,120,79,1185,False
2026-06-21,O+,62,74,1173,False
2026-06-22,O+,91,92,1172,False
2026-06-23,O+,96,97,1171,False
2026-06-24,O+,102,134,1139,False
2026-06-25,O+,129,94,1174,False
2026-06-26,O+,122,98,1198,False
2026-06-27,O+,87,78,1207,False
2026-06-28,O+,47,69,1185,False
2026-06-29,O+,100,94,1191,False
2026-06-30,O+,110,106,1195,False
2026-07-01,O+,137,117,1215,False
2026-07-02,O+,116,123,1208,False
2026-07-03,O+,112,104,1216,False
2026-07-04,O+,80,84,1212,False
2026-07-05,O+,56,83,1185,False
2026-07-06,O+,83,90,1178,False
2026-07-07,O+,119,112,1185,False
2026-07-08,O+,93,112,1166,False
2026-07-09,O+,110,128,1148,False
2026-07-10,O+,112,94,1166,False
2026-07-11,O+,97,85,1178,False
2026-07-12,O+,60,86,1152,False
2026-07-13,O+,114,100,1166,False
2026-07-14,O+,109,95,1180,False
2026-07-15,O+,121,101,1200,False
2026-07-16,O+,105,123,1182,False
2026-07-17,O+,116,114,1184,False
2026-07-18,O+,116,154,1146,False
2026-07-19,O+,55,69,1132,False
2026-07-20,O+,84,115,1101,False
2026-07-21,O+,111,99,1113,False
2026-07-22,O+,97,127,1083,False
2026-07-23,O+,125,111,1097,False
2026-07-24,O+,105,184,1018,False
2026-07-25,O+,108,80,1046,False
2026-07-26,O+,80,77,1049,False
2026-07-27,O+,107,88,1068,False
2026-07-28,O+,112,117,1063,False
2026-07-29,O+,124,101,1086,False
2026-07-30,O+,112,103,1095,False
2026-07-31,O+,128,93,1130,False
2026-08-01,O+,100,83,1147,False
2026-08-02,O+,65,72,1140,False
2026-08-03,O+,99,111,1128,False
2026-08-04,O+,99,115,1112,False
2026-08-05,O+,106,114,1104,False
2026-08-06,O+,110,104,1110,False
2026-08-07,O+,141,97,1154,False
2026-08-08,O+,76,74,1156,False
2026-08-09,O+,46,68,1134,False
2026-08-10,O+,90,94,1130,False
2026-08-11,O+,100,108,1122,False
2026-08-12,O+,106,99,1129,False
2026-08-13,O+,138,105,1162,False
2026-08-14,O+,127,86,1203,False
2026-08-15,O+,84,79,1208,False
2026-08-16,O+,57,59,1206,False
2026-08-17,O+,78,101,1183,False
2026-08-18,O+,109,90,1202,False
2026-08-19,O+,92,117,1177,False
2026-08-20,O+,101,103,1175,False
2026-08-21,O+,120,94,1201,False
2026-08-22,O+,71,77,1195,False
2026-08-23,O+,69,61,1203,False
2026-08-24,O+,108,129,1182,False
2026-08-25,O+,116,113,1185,False
2026-08-26,O+,120,109,1196,False
2026-08-27,O+,112,107,1201,False
2026-08-28,O+,103,100,1204,False
2026-08-29,O+,93,82,1215,False
2026-08-30,O+,76,66,1225,False
2026-08-31,O+,84,115,1194,False
2026-09-01,O+,112,110,1196,False
2026-09-02,O+,106,104,1198,False
2026-09-03,O+,110,101,1207,False
2026-09-04,O+,93,104,1196,False
2026-09-05,O+,105,66,1235,False
2026-09-06,O+,44,91,1188,False
2026-09-07,O+,94,97,1185,False
2026-09-08,O+,105,83,1207,False
2026-09-09,O+,100,96,1211,False
2026-09-10,O+,108,123,1196,False
2026-09-11,O+,118,88,1226,False
2026-09-12,O+,99,80,1245,False
2026-09-13,O+,81,74,1252,False
2026-09-14,O+,80,113,1219,False
2026-09-15,O+,94,119,1194,False
2026-09-16,O+,110,116,1188,False
2026-09-17,O+,90,118,1160,False
2026-09-18,O+,129,98,1191,False
2026-09-19,O+,80,80,1191,False
2026-09-20,O+,63,65,1189,False
2026-09-21,O+,98,82,1205,False
2026-03-26,O-,33,23,385,False
2026-03-27,O-,33,36,382,False
2026-03-28,O-,28,31,379,False
2026-03-29,O-,22,21,380,False
2026-03-30,O-,29,29,380,False
2026-03-31,O-,33,37,376,False
2026-04-01,O-,38,30,384,False
2026-04-02,O-,34,40,378,False
2026-04-03,O-,19,28,369,True
2026-04-04,O-,31,26,374,False
2026-04-05,O-,25,19,380,False
2026-04-06,O-,12,32,360,True
2026-04-07,O-,47,37,370,False
2026-04-08,O-,36,34,372,False
2026-04-09,O-,26,36,362,False
2026-04-10,O-,37,23,376,False
2026-04-11,O-,33,27,382,False
2026-04-12,O-,16,21,377,False
2026-04-13,O-,22,32,367,False
2026-04-14,O-,29,32,364,False
2026-04-15,O-,35,36,363,False
2026-04-16,O-,26,36,353,False
2026-04-17,O-,29,31,351,False
2026-04-18,O-,26,26,351,False
2026-04-19,O-,19,20,350,False
2026-04-20,O-,30,36,344,False
2026-04-21,O-,37,35,346,False
2026-04-22,O-,41,34,353,False
2026-04-23,O-,31,36,348,False
2026-04-24,O-,35,27,356,False
2026-04-25,O-,36,25,367,False
2026-04-26,O-,17,22,362,False
2026-04-27,O-,43,33,372,False
2026-04-28,O-,33,48,357,False
2026-04-29,O-,35,43,349,False
2026-04-30,O-,35,32,352,False
2026-05-01,O-,8,35,325,True
2026-05-02,O-,35,25,335,False
2026-05-03,O-,39,23,351,False
2026-05-04,O-,31,29,353,False
2026-05-05,O-,23,31,345,False
2026-05-06,O-,40,33,352,False
2026-05-07,O-,32,28,356,False
2026-05-08,O-,49,26,379,False
2026-05-09,O-,26,24,381,False
2026-05-10,O-,17,29,369,False
2026-05-11,O-,24,32,361,False
2026-05-12,O-,39,32,368,False
2026-05-13,O-,44,43,369,False
2026-05-14,O-,22,34,357,True
2026-05-15,O-,39,31,365,False
2026-05-16,O-,27,26,366,False
2026-05-17,O-,26,25,367,False
2026-05-18,O-,36,31,372,False
2026-05-19,O-,32,33,371,False
2026-05-20,O-,32,24,379,False
2026-05-21,O-,34,27,386,False
2026-05-22,O-,33,35,384,False
2026-05-23,O-,34,22,396,False
2026-05-24,O-,15,18,393,False
2026-05-25,O-,10,28,375,True
2026-05-26,O-,27,37,365,False
2026-05-27,O-,27,40,352,False
2026-05-28,O-,38,42,348,False
2026-05-29,O-,36,32,352,False
2026-05-30,O-,35,26,361,False
2026-05-31,O-,21,26,356,False
2026-06-01,O-,30,35,351,False
2026-06-02,O-,35,34,352,False
2026-06-03,O-,41,38,355,False
2026-06-04,O-,25,33,347,False
2026-06-05,O-,27,37,337,False
2026-06-06,O-,26,36,327,False
2026-06-07,O-,21,22,326,False
2026-06-08,O-,27,35,318,False
2026-06-09,O-,40,40,318,False
2026-06-10,O-,44,34,328,False
2026-06-11,O-,40,32,336,False
2026-06-12,O-,39,27,348,False
2026-06-13,O-,37,22,363,False
2026-06-14,O-,18,30,351,False
2026-06-15,O-,36,30,357,False
2026-06-16,O-,34,41,350,False
2026-06-17,O-,50,28,372,False
2026-06-18,O-,30,34,368,False
2026-06-19,O-,37,28,377,False
2026-06-20,O-,33,22,388,False
2026-06-21,O-,21,29,380,False
2026-06-22,O-,18,28,370,False
2026-06-23,O-,27,31,366,False
2026-06-24,O-,37,43,360,False
2026-06-25,O-,29,36,353,False
2026-06-26,O-,44,32,365,False
2026-06-27,O-,29,23,371,False
2026-06-28,O-,21,24,368,False
2026-06-29,O-,27,20,375,False
2026-06-30,O-,28,26,377,False
2026-07-01,O-,29,36,370,False
2026-07-02,O-,35,37,368,False
2026-07-03,O-,40,35,373,False
2026-07-04,O-,26,36,363,False
2026-07-05,O-,21,21,363,False
2026-07-06,O-,21,48,336,False
2026-07-07,O-,29,32,333,False
2026-07-08,O-,40,45,328,False
2026-07-09,O-,31,42,317,False
2026-07-10,O-,40,36,321,False
2026-07-11,O-,39,24,336,False
2026-07-12,O-,14,22,328,False
2026-07-13,O-,27,35,320,False
2026-07-14,O-,33,47,306,False
2026-07-15,O-,31,34,303,False
2026-07-16,O-,29,36,296,False
2026-07-17,O-,34,26,304,False
2026-07-18,O-,35,24,315,False
2026-07-19,O-,16,26,305,False
2026-07-20,O-,34,34,305,False
2026-07-21,O-,48,35,318,False
2026-07-22,O-,42,35,325,False
2026-07-23,O-,33,27,331,False
2026-07-24,O-,45,34,342,False
2026-07-25,O-,35,26,351,False
2026-07-26,O-,15,13,353,False
2026-07-27,O-,28,30,351,False
2026-07-28,O-,40,24,367,False
2026-07-29,O-,38,31,374,False
2026-07-30,O-,30,45,359,False
2026-07-31,O-,29,30,358,False
2026-08-01,O-,24,20,362,False
2026-08-02,O-,21,28,355,False
2026-08-03,O-,33,31,357,False
2026-08-04,O-,33,34,356,False
2026-08-05,O-,30,35,351,False
2026-08-06,O-,32,35,348,False
2026-08-07,O-,37,38,347,False
2026-08-08,O-,34,25,356,False
2026-08-09,O-,17,30,343,False
2026-08-10,O-,27,32,338,False
2026-08-11,O-,36,28,346,False
2026-08-12,O-,29,31,344,False
2026-08-13,O-,30,33,341,False
2026-08-14,O-,46,32,355,False
2026-08-15,O-,32,29,358,False
2026-08-16,O-,23,30,351,False
2026-08-17,O-,24,39,336,False
2026-08-18,O-,37,38,335,False
2026-08-19,O-,31,39,327,False
2026-08-20,O-,37,21,343,False
2026-08-21,O-,35,24,354,False
2026-08-22,O-,26,23,357,False
2026-08-23,O-,18,22,353,False
2026-08-24,O-,21,28,346,False
2026-08-25,O-,34,31,349,False
2026-08-26,O-,34,26,357,False
2026-08-27,O-,40,36,361,False
2026-08-28,O-,37,31,367,False
2026-08-29,O-,26,23,370,False
2026-08-30,O-,14,22,362,False
2026-08-31,O-,44,30,376,False
2026-09-01,O-,31,32,375,False
2026-09-02,O-,26,33,368,False
2026-09-03,O-,34,24,378,False
2026-09-04,O-,45,25,398,False
2026-09-05,O-,21,26,393,False
2026-09-06,O-,9,27,375,False
2026-09-07,O-,21,42,354,False
2026-09-08,O-,26,38,342,False
2026-09-09,O-,27,29,340,False
2026-09-10,O-,31,37,334,False
2026-09-11,O-,25,37,322,False
2026-09-12,O-,25,27,320,False
2026-09-13,O-,25,29,316,False
2026-09-14,O-,20,50,286,False
2026-09-15,O-,27,48,265,False
2026-09-16,O-,32,43,254,False
2026-09-17,O-,25,35,244,False
2026-09-18,O-,32,44,232,False
2026-09-19,O-,18,31,219,False
2026-09-20,O-,12,29,202,False
2026-09-21,O-,25,43,184,False
2026-03-26,A+,91,80,923,False
2026-03-27,A+,98,72,949,False
2026-03-28,A+,65,59,955,False
2026-03-29,A+,51,54,952,False
2026-03-30,A+,57,102,907,False
2026-03-31,A+,71,103,875,False
2026-04-01,A+,83,78,880,False
2026-04-02,A+,96,90,886,False
2026-04-03,A+,44,76,854,True
2026-04-04,A+,80,68,866,False
2026-04-05,A+,46,68,844,False
2026-04-06,A+,39,74,809,True
2026-04-07,A+,94,76,827,False
2026-04-08,A+,88,85,830,False
2026-04-09,A+,87,120,797,False
2026-04-10,A+,92,69,820,False
2026-04-11,A+,92,63,849,False
2026-04-12,A+,56,71,834,False
2026-04-13,A+,87,72,849,False
2026-04-14,A+,77,91,835,False
2026-04-15,A+,78,80,833,False
2026-04-16,A+,80,94,819,False
2026-04-17,A+,87,74,832,False
2026-04-18,A+,84,60,856,False
2026-04-19,A+,43,56,843,False
2026-04-20,A+,61,84,820,False
2026-04-21,A+,91,106,805,False
2026-04-22,A+,91,73,823,False
2026-04-23,A+,84,88,819,False
2026-04-24,A+,102,82,839,False
2026-04-25,A+,68,57,850,False
2026-04-26,A+,51,62,839,False
2026-04-27,A+,65,81,823,False
2026-04-28,A+,86,95,814,False
2026-04-29,A+,76,83,807,False
2026-04-30,A+,92,88,811,False
2026-05-01,A+,44,77,778,True
2026-05-02,A+,77,41,814,False
2026-05-03,A+,61,61,814,False
2026-05-04,A+,81,82,813,False
2026-05-05,A+,90,90,813,False
2026-05-06,A+,105,79,839,False
2026-05-07,A+,95,73,861,False
2026-05-08,A+,103,149,815,False
2026-05-09,A+,79,51,843,False
2026-05-10,A+,54,56,841,False
2026-05-11,A+,91,73,859,False
2026-05-12,A+,76,82,853,False
2026-05-13,A+,97,81,869,False
2026-05-14,A+,39,71,837,True
2026-05-15,A+,101,74,864,False
2026-05-16,A+,61,56,869,False
2026-05-17,A+,55,52,872,False
2026-05-18,A+,85,83,874,False
2026-05-19,A+,84,74,884,False
2026-05-20,A+,81,79,886,False
2026-05-21,A+,76,125,837,False
2026-05-22,A+,102,82,857,False
2026-05-23,A+,62,59,860,False
2026-05-24,A+,52,58,854,False
2026-05-25,A+,31,89,796,True
2026-05-26,A+,94,82,808,False
2026-05-27,A+,81,96,793,False
2026-05-28,A+,109,98,804,False
2026-05-29,A+,100,66,838,False
2026-05-30,A+,77,61,854,False
2026-05-31,A+,51,56,849,False
2026-06-01,A+,77,78,848,False
2026-06-02,A+,87,91,844,False
2026-06-03,A+,88,73,859,False
2026-06-04,A+,91,82,868,False
2026-06-05,A+,86,87,867,False
2026-06-06,A+,76,56,887,False
2026-06-07,A+,52,61,878,False
2026-06-08,A+,85,84,879,False
2026-06-09,A+,89,65,903,False
2026-06-10,A+,72,76,899,False
2026-06-11,A+,73,83,889,False
2026-06-12,A+,102,94,897,False
2026-06-13,A+,76,64,909,False
2026-06-14,A+,49,68,890,False
2026-06-15,A+,79,78,891,False
2026-06-16,A+,73,91,873,False
2026-06-17,A+,93,80,886,False
2026-06-18,A+,90,70,906,False
2026-06-19,A+,83,70,919,False
2026-06-20,A+,70,75,914,False
2026-06-21,A+,52,56,910,False
2026-06-22,A+,71,91,890,False
2026-06-23,A+,89,91,888,False
2026-06-24,A+,109,79,918,False
2026-06-25,A+,81,85,914,False
2026-06-26,A+,88,78,924,False
2026-06-27,A+,76,62,938,False
2026-06-28,A+,53,49,942,False
2026-06-29,A+,69,91,920,False
2026-06-30,A+,91,79,932,False
2026-07-01,A+,67,89,910,False
2026-07-02,A+,84,62,932,False
2026-07-03,A+,102,75,959,False
2026-07-04,A+,55,66,948,False
2026-07-05,A+,41,57,932,False
2026-07-06,A+,86,87,931,False
2026-07-07,A+,80,88,923,False
2026-07-08,A+,82,80,925,False
2026-07-09,A+,89,74,940,False
2026-07-10,A+,99,73,966,False
2026-07-11,A+,73,51,988,False
2026-07-12,A+,35,51,972,False
2026-07-13,A+,65,81,956,False
2026-07-14,A+,82,68,970,False
2026-07-15,A+,76,93,953,False
2026-07-16,A+,76,70,959,False
2026-07-17,A+,65,90,934,False
2026-07-18,A+,68,74,928,False
2026-07-19,A+,54,61,921,False
2026-07-20,A+,71,86,906,False
2026-07-21,A+,62,72,896,False
2026-07-22,A+,74,88,882,False
2026-07-23,A+,84,92,874,False
2026-07-24,A+,101,66,909,False
2026-07-25,A+,67,65,911,False
2026-07-26,A+,43,60,894,False
2026-07-27,A+,84,77,901,False
2026-07-28,A+,70,100,871,False
2026-07-29,A+,82,80,873,False
2026-07-30,A+,93,64,902,False
2026-07-31,A+,104,76,930,False
2026-08-01,A+,74,50,954,False
2026-08-02,A+,49,62,941,False
2026-08-03,A+,67,79,929,False
2026-08-04,A+,81,81,929,False
2026-08-05,A+,81,60,950,False
2026-08-06,A+,90,81,959,False
2026-08-07,A+,70,67,962,False
2026-08-08,A+,59,53,968,False
2026-08-09,A+,55,61,962,False
2026-08-10,A+,81,92,951,False
2026-08-11,A+,67,84,934,False
2026-08-12,A+,85,59,960,False
2026-08-13,A+,93,81,972,False
2026-08-14,A+,66,68,970,False
2026-08-15,A+,63,50,983,False
2026-08-16,A+,44,56,971,False
2026-08-17,A+,71,86,956,False
2026-08-18,A+,76,79,953,False
2026-08-19,A+,77,93,937,False
2026-08-20,A+,87,95,929,False
2026-08-21,A+,73,77,925,False
2026-08-22,A+,67,69,923,False
2026-08-23,A+,49,66,906,False
2026-08-24,A+,69,90,885,False
2026-08-25,A+,90,88,887,False
2026-08-26,A+,88,90,885,False
2026-08-27,A+,85,85,885,False
2026-08-28,A+,86,83,888,False
2026-08-29,A+,67,75,880,False
2026-08-30,A+,49,54,875,False
2026-08-31,A+,69,115,829,False
2026-09-01,A+,85,78,836,False
2026-09-02,A+,95,72,859,False
2026-09-03,A+,100,82,877,False
2026-09-04,A+,108,85,900,False
2026-09-05,A+,77,65,912,False
2026-09-06,A+,40,73,879,False
2026-09-07,A+,94,77,896,False
2026-09-08,A+,79,79,896,False
2026-09-09,A+,90,88,898,False
2026-09-10,A+,79,84,893,False
2026-09-11,A+,94,95,892,False
2026-09-12,A+,69,58,903,False
2026-09-13,A+,54,71,886,False
2026-09-14,A+,83,94,875,False
2026-09-15,A+,81,76,880,False
2026-09-16,A+,74,85,869,False
2026-09-17,A+,93,78,884,False
2026-09-18,A+,79,87,876,False
2026-09-19,A+,67,64,879,False
2026-09-20,A+,58,60,877,False
2026-09-21,A+,78,91,864,False
2026-03-26,A-,20,15,157,False
2026-03-27,A-,22,19,160,False
2026-03-28,A-,15,15,160,False
2026-03-29,A-,12,21,151,False
2026-03-30,A-,26,18,159,False
2026-03-31,A-,10,18,151,False
2026-04-01,A-,19,17,153,False
2026-04-02,A-,20,23,150,False
2026-04-03,A-,11,22,139,True
2026-04-04,A-,25,20,144,False
2026-04-05,A-,17,12,149,False
2026-04-06,A-,4,18,135,True
2026-04-07,A-,17,18,134,False
2026-04-08,A-,25,19,140,False
2026-04-09,A-,21,23,138,False
2026-04-10,A-,22,19,141,False
2026-04-11,A-,14,15,140,False
2026-04-12,A-,7,11,136,False
2026-04-13,A-,21,23,134,False
2026-04-14,A-,18,19,133,False
2026-04-15,A-,24,20,137,False
2026-04-16,A-,23,16,144,False
2026-04-17,A-,25,16,153,False
2026-04-18,A-,15,13,155,False
2026-04-19,A-,5,16,144,False
2026-04-20,A-,18,22,140,False
2026-04-21,A-,27,31,136,False
2026-04-22,A-,27,25,138,False
2026-04-23,A-,20,22,136,False
2026-04-24,A-,31,8,159,False
2026-04-25,A-,17,15,161,False
2026-04-26,A-,14,18,157,False
2026-04-27,A-,14,29,142,False
2026-04-28,A-,21,12,151,False
2026-04-29,A-,22,24,149,False
2026-04-30,A-,24,23,150,False
2026-05-01,A-,12,24,138,True
2026-05-02,A-,24,15,147,False
2026-05-03,A-,12,13,146,False
2026-05-04,A-,26,23,149,False
2026-05-05,A-,21,18,152,False
2026-05-06,A-,24,24,152,False
2026-05-07,A-,17,20,149,False
2026-05-08,A-,25,15,159,False
2026-05-09,A-,16,22,153,False
2026-05-10,A-,14,19,148,False
2026-05-11,A-,17,16,149,False
2026-05-12,A-,24,18,155,False
2026-05-13,A-,20,15,160,False
2026-05-14,A-,7,16,151,True
2026-05-15,A-,19,16,154,False
2026-05-16,A-,15,12,157,False
2026-05-17,A-,8,12,153,False
2026-05-18,A-,23,19,157,False
2026-05-19,A-,17,27,147,False
2026-05-20,A-,27,20,154,False
2026-05-21,A-,15,23,146,False
2026-05-22,A-,26,16,156,False
2026-05-23,A-,18,16,158,False
2026-05-24,A-,9,9,158,False
2026-05-25,A-,7,21,144,True
2026-05-26,A-,17,21,140,False
2026-05-27,A-,18,21,137,False
2026-05-28,A-,36,32,141,False
2026-05-29,A-,25,22,144,False
2026-05-30,A-,35,19,160,False
2026-05-31,A-,13,17,156,False
2026-06-01,A-,16,18,154,False
2026-06-02,A-,20,26,148,False
2026-06-03,A-,18,21,145,False
2026-06-04,A-,24,14,155,False
2026-06-05,A-,19,27,147,False
2026-06-06,A-,21,17,151,False
2026-06-07,A-,13,15,149,False
2026-06-08,A-,26,24,151,False
2026-06-09,A-,23,21,153,False
2026-06-10,A-,18,33,138,False
2026-06-11,A-,22,17,143,False
2026-06-12,A-,19,11,151,False
2026-06-13,A-,10,9,152,False
2026-06-14,A-,12,21,143,False
2026-06-15,A-,21,24,140,False
2026-06-16,A-,18,25,133,False
2026-06-17,A-,22,20,135,False
2026-06-18,A-,24,13,146,False
2026-06-19,A-,23,27,142,False
2026-06-20,A-,20,16,146,False
2026-06-21,A-,10,20,136,False
2026-06-22,A-,15,15,136,False
2026-06-23,A-,20,24,132,False
2026-06-24,A-,25,39,118,False
2026-06-25,A-,20,15,123,False
2026-06-26,A-,33,20,136,False
2026-06-27,A-,22,24,134,False
2026-06-28,A-,13,20,127,False
2026-06-29,A-,24,18,133,False
2026-06-30,A-,25,19,139,False
2026-07-01,A-,15,16,138,False
2026-07-02,A-,27,11,154,False
2026-07-03,A-,21,17,158,False
2026-07-04,A-,14,19,153,False
2026-07-05,A-,13,22,144,False
2026-07-06,A-,19,18,145,False
2026-07-07,A-,17,19,143,False
2026-07-08,A-,27,19,151,False
2026-07-09,A-,27,35,143,False
2026-07-10,A-,21,22,142,False
2026-07-11,A-,26,16,152,False
2026-07-12,A-,17,18,151,False
2026-07-13,A-,19,24,146,False
2026-07-14,A-,17,20,143,False
2026-07-15,A-,23,20,146,False
2026-07-16,A-,20,25,141,False
2026-07-17,A-,19,16,144,False
2026-07-18,A-,16,17,143,False
2026-07-19,A-,9,11,141,False
2026-07-20,A-,16,17,140,False
2026-07-21,A-,27,23,144,False
2026-07-22,A-,25,25,144,False
2026-07-23,A-,16,27,133,False
2026-07-24,A-,23,26,130,False
2026-07-25,A-,13,15,128,False
2026-07-26,A-,10,10,128,False
2026-07-27,A-,24,22,130,False
2026-07-28,A-,15,23,122,False
2026-07-29,A-,26,28,120,False
2026-07-30,A-,18,15,123,False
2026-07-31,A-,19,15,127,False
2026-08-01,A-,25,19,133,False
2026-08-02,A-,11,9,135,False
2026-08-03,A-,20,21,134,False
2026-08-04,A-,22,24,132,False
2026-08-05,A-,19,21,130,False
2026-08-06,A-,24,22,132,False
2026-08-07,A-,27,12,147,False
2026-08-08,A-,19,17,149,False
2026-08-09,A-,9,13,145,False
2026-08-10,A-,21,31,135,False
2026-08-11,A-,20,21,134,False
2026-08-12,A-,24,18,140,False
2026-08-13,A-,17,22,135,False
2026-08-14,A-,16,23,128,False
2026-08-15,A-,18,14,132,False
2026-08-16,A-,12,18,126,False
2026-08-17,A-,21,20,127,False
2026-08-18,A-,26,21,132,False
2026-08-19,A-,23,24,131,False
2026-08-20,A-,24,32,123,False
2026-08-21,A-,22,25,120,False
2026-08-22,A-,18,19,119,False
2026-08-23,A-,18,15,122,False
2026-08-24,A-,22,30,114,False
2026-08-25,A-,24,23,115,False
2026-08-26,A-,24,24,115,False
2026-08-27,A-,35,25,125,False
2026-08-28,A-,37,19,143,False
2026-08-29,A-,25,12,156,False
2026-08-30,A-,11,10,157,False
2026-08-31,A-,23,17,163,False
2026-09-01,A-,23,25,161,False
2026-09-02,A-,16,20,157,False
2026-09-03,A-,27,26,158,False
2026-09-04,A-,20,22,156,False
2026-09-05,A-,13,19,150,False
2026-09-06,A-,10,12,148,False
2026-09-07,A-,20,12,156,False
2026-09-08,A-,10,32,134,False
2026-09-09,A-,18,24,128,False
2026-09-10,A-,28,23,133,False
2026-09-11,A-,22,21,134,False
2026-09-12,A-,20,14,140,False
2026-09-13,A-,9,21,128,False
2026-09-14,A-,23,17,134,False
2026-09-15,A-,17,17,134,False
2026-09-16,A-,16,17,133,False
2026-09-17,A-,14,27,120,False
2026-09-18,A-,20,24,116,False
2026-09-19,A-,17,17,116,False
2026-09-20,A-,20,16,120,False
2026-09-21,A-,18,27,111,False
2026-03-26,B+,19,19,286,False
2026-03-27,B+,24,17,293,False
2026-03-28,B+,23,13,303,False
2026-03-29,B+,20,26,297,False
2026-03-30,B+,19,26,290,False
2026-03-31,B+,12,23,279,False
2026-04-01,B+,26,32,273,False
2026-04-02,B+,33,27,279,False
2026-04-03,B+,10,17,272,True
2026-04-04,B+,21,22,271,False
2026-04-05,B+,11,16,266,False
2026-04-06,B+,5,29,242,True
2026-04-07,B+,29,17,254,False
2026-04-08,B+,19,16,257,False
2026-04-09,B+,33,24,266,False
2026-04-10,B+,25,24,267,False
2026-04-11,B+,22,24,265,False
2026-04-12,B+,17,13,269,False
2026-04-13,B+,24,23,270,False
2026-04-14,B+,21,25,266,False
2026-04-15,B+,20,33,253,False
2026-04-16,B+,24,22,255,False
2026-04-17,B+,19,16,258,False
2026-04-18,B+,21,15,264,False
2026-04-19,B+,18,18,264,False
2026-04-20,B+,26,37,253,False
2026-04-21,B+,22,23,252,False
2026-04-22,B+,29,23,258,False
2026-04-23,B+,23,28,253,False
2026-04-24,B+,23,24,252,False
2026-04-25,B+,27,25,254,False
2026-04-26,B+,17,13,258,False
2026-04-27,B+,39,18,279,False
2026-04-28,B+,35,20,294,False
2026-04-29,B+,20,15,299,False
2026-04-30,B+,26,22,303,False
2026-05-01,B+,4,29,278,True
2026-05-02,B+,18,13,283,False
2026-05-03,B+,12,20,275,False
2026-05-04,B+,18,21,272,False
2026-05-05,B+,21,26,267,False
2026-05-06,B+,21,20,268,False
2026-05-07,B+,36,28,276,False
2026-05-08,B+,28,19,285,False
2026-05-09,B+,19,17,287,False
2026-05-10,B+,10,16,281,False
2026-05-11,B+,21,17,285,False
2026-05-12,B+,14,33,266,False
2026-05-13,B+,17,28,255,False
2026-05-14,B+,13,20,248,True
2026-05-15,B+,23,24,247,False
2026-05-16,B+,18,17,248,False
2026-05-17,B+,14,14,248,False
2026-05-18,B+,28,27,249,False
2026-05-19,B+,25,19,255,False
2026-05-20,B+,30,27,258,False
2026-05-21,B+,20,21,257,False
2026-05-22,B+,23,30,250,False
2026-05-23,B+,16,21,245,False
2026-05-24,B+,8,15,238,False
2026-05-25,B+,14,41,211,True
2026-05-26,B+,33,16,228,False
2026-05-27,B+,28,20,236,False
2026-05-28,B+,24,26,234,False
2026-05-29,B+,23,21,236,False
2026-05-30,B+,22,16,242,False
2026-05-31,B+,16,15,243,False
2026-06-01,B+,14,17,240,False
2026-06-02,B+,26,24,242,False
2026-06-03,B+,34,26,250,False
2026-06-04,B+,27,25,252,False
2026-06-05,B+,38,18,272,False
2026-06-06,B+,8,21,259,False
2026-06-07,B+,15,22,252,False
2026-06-08,B+,23,25,250,False
2026-06-09,B+,21,24,247,False
2026-06-10,B+,22,26,243,False
2026-06-11,B+,26,17,252,False
2026-06-12,B+,33,15,270,False
2026-06-13,B+,17,19,268,False
2026-06-14,B+,19,15,272,False
2026-06-15,B+,20,23,269,False
2026-06-16,B+,23,22,270,False
2026-06-17,B+,26,24,272,False
2026-06-18,B+,26,23,275,False
2026-06-19,B+,21,20,276,False
2026-06-20,B+,22,18,280,False
2026-06-21,B+,11,15,276,False
2026-06-22,B+,21,15,282,False
2026-06-23,B+,28,28,282,False
2026-06-24,B+,24,21,285,False
2026-06-25,B+,24,22,287,False
2026-06-26,B+,21,18,290,False
2026-06-27,B+,28,18,300,False
2026-06-28,B+,13,12,301,False
2026-06-29,B+,20,21,300,False
2026-06-30,B+,20,25,295,False
2026-07-01,B+,22,27,290,False
2026-07-02,B+,22,24,288,False
2026-07-03,B+,26,22,292,False
2026-07-04,B+,22,15,299,False
2026-07-05,B+,12,35,276,False
2026-07-06,B+,26,19,283,False
2026-07-07,B+,14,25,272,False
2026-07-08,B+,19,23,268,False
2026-07-09,B+,20,23,265,False
2026-07-10,B+,18,20,263,False
2026-07-11,B+,25,21,267,False
2026-07-12,B+,14,29,252,False
2026-07-13,B+,28,28,252,False
2026-07-14,B+,28,29,251,False
2026-07-15,B+,27,18,260,False
2026-07-16,B+,28,23,265,False
2026-07-17,B+,22,20,267,False
2026-07-18,B+,31,22,276,False
2026-07-19,B+,13,14,275,False
2026-07-20,B+,24,24,275,False
2026-07-21,B+,17,25,267,False
2026-07-22,B+,28,28,267,False
2026-07-23,B+,35,21,281,False
2026-07-24,B+,18,11,288,False
2026-07-25,B+,17,13,292,False
2026-07-26,B+,13,15,290,False
2026-07-27,B+,12,31,271,False
2026-07-28,B+,28,25,274,False
2026-07-29,B+,23,25,272,False
2026-07-30,B+,22,33,261,False
2026-07-31,B+,20,27,254,False
2026-08-01,B+,18,30,242,False
2026-08-02,B+,16,13,245,False
2026-08-03,B+,20,19,246,False
2026-08-04,B+,21,24,243,False
2026-08-05,B+,26,28,241,False
2026-08-06,B+,26,21,246,False
2026-08-07,B+,29,24,251,False
2026-08-08,B+,22,16,257,False
2026-08-09,B+,19,13,263,False
2026-08-10,B+,21,34,250,False
2026-08-11,B+,19,37,232,False
2026-08-12,B+,22,24,230,False
2026-08-13,B+,34,25,239,False
2026-08-14,B+,25,31,233,False
2026-08-15,B+,23,20,236,False
2026-08-16,B+,18,30,224,False
2026-08-17,B+,23,27,220,False
2026-08-18,B+,28,21,227,False
2026-08-19,B+,36,20,243,False
2026-08-20,B+,18,28,233,False
2026-08-21,B+,28,27,234,False
2026-08-22,B+,32,22,244,False
2026-08-23,B+,18,22,240,False
2026-08-24,B+,26,31,235,False
2026-08-25,B+,30,31,234,False
2026-08-26,B+,31,17,248,False
2026-08-27,B+,27,22,253,False
2026-08-28,B+,22,19,256,False
2026-08-29,B+,20,18,258,False
2026-08-30,B+,21,12,267,False
2026-08-31,B+,27,18,276,False
2026-09-01,B+,24,28,272,False
2026-09-02,B+,29,26,275,False
2026-09-03,B+,25,35,265,False
2026-09-04,B+,22,22,265,False
2026-09-05,B+,23,17,271,False
2026-09-06,B+,8,21,258,False
2026-09-07,B+,19,28,249,False
2026-09-08,B+,29,21,257,False
2026-09-09,B+,24,26,255,False
2026-09-10,B+,34,28,261,False
2026-09-11,B+,29,26,264,False
2026-09-12,B+,20,13,271,False
2026-09-13,B+,10,19,262,False
2026-09-14,B+,27,31,258,False
2026-09-15,B+,26,27,257,False
2026-09-16,B+,26,24,259,False
2026-09-17,B+,25,27,257,False
2026-09-18,B+,25,23,259,False
2026-09-19,B+,23,21,261,False
2026-09-20,B+,13,16,258,False
2026-09-21,B+,21,18,261,False
2026-03-26,B-,7,17,49,False
2026-03-27,B-,4,6,47,False
2026-03-28,B-,3,7,43,False
2026-03-29,B-,8,5,46,False
2026-03-30,B-,11,4,53,False
2026-03-31,B-,9,11,51,False
2026-04-01,B-,8,9,50,False
2026-04-02,B-,5,4,51,False
2026-04-03,B-,1,6,46,True
2026-04-04,B-,7,6,47,False
2026-04-05,B-,5,7,45,False
2026-04-06,B-,9,10,44,True
2026-04-07,B-,7,8,43,False
2026-04-08,B-,12,12,43,False
2026-04-09,B-,10,4,49,False
2026-04-10,B-,9,5,53,False
2026-04-11,B-,8,7,54,False
2026-04-12,B-,4,7,51,False
2026-04-13,B-,8,12,47,False
2026-04-14,B-,8,6,49,False
2026-04-15,B-,7,11,45,False
2026-04-16,B-,18,10,53,False
2026-04-17,B-,7,8,52,False
2026-04-18,B-,10,7,55,False
2026-04-19,B-,4,5,54,False
2026-04-20,B-,3,8,49,False
2026-04-21,B-,8,5,52,False
2026-04-22,B-,15,7,60,False
2026-04-23,B-,7,5,62,False
2026-04-24,B-,4,3,63,False
2026-04-25,B-,8,9,62,False
2026-04-26,B-,4,2,64,False
2026-04-27,B-,6,8,62,False
2026-04-28,B-,7,11,58,False
2026-04-29,B-,9,4,63,False
2026-04-30,B-,6,7,62,False
2026-05-01,B-,5,8,59,True
2026-05-02,B-,4,1,62,False
2026-05-03,B-,3,5,60,False
2026-05-04,B-,6,7,59,False
2026-05-05,B-,11,7,63,False
2026-05-06,B-,5,6,62,False
2026-05-07,B-,3,7,58,False
2026-05-08,B-,8,9,57,False
2026-05-09,B-,7,6,58,False
2026-05-10,B-,6,5,59,False
2026-05-11,B-,7,5,61,False
2026-05-12,B-,8,5,64,False
2026-05-13,B-,10,11,63,False
2026-05-14,B-,6,6,63,True
2026-05-15,B-,7,9,61,False
2026-05-16,B-,3,5,59,False
2026-05-17,B-,5,1,63,False
2026-05-18,B-,3,9,57,False
2026-05-19,B-,8,7,58,False
2026-05-20,B-,9,6,61,False
2026-05-21,B-,2,15,48,False
2026-05-22,B-,11,10,49,False
2026-05-23,B-,8,4,53,False
2026-05-24,B-,4,7,50,False
2026-05-25,B-,5,14,41,True
2026-05-26,B-,7,10,38,False
2026-05-27,B-,12,7,43,False
2026-05-28,B-,10,4,49,False
2026-05-29,B-,6,7,48,False
2026-05-30,B-,6,10,44,False
2026-05-31,B-,6,17,33,False
2026-06-01,B-,10,13,30,False
2026-06-02,B-,9,9,30,False
2026-06-03,B-,9,12,27,False
2026-06-04,B-,8,11,24,False
2026-06-05,B-,14,5,33,False
2026-06-06,B-,8,5,36,False
2026-06-07,B-,2,5,33,False
2026-06-08,B-,8,10,31,False
2026-06-09,B-,10,10,31,False
2026-06-10,B-,13,6,38,False
2026-06-11,B-,13,12,39,False
2026-06-12,B-,16,14,41,False
2026-06-13,B-,11,5,47,False
2026-06-14,B-,8,9,46,False
2026-06-15,B-,7,4,49,False
2026-06-16,B-,8,13,44,False
2026-06-17,B-,4,8,40,False
2026-06-18,B-,11,8,43,False
2026-06-19,B-,5,7,41,False
2026-06-20,B-,7,8,40,False
2026-06-21,B-,3,4,39,False
2026-06-22,B-,8,9,38,False
2026-06-23,B-,9,13,34,False
2026-06-24,B-,9,8,35,False
2026-06-25,B-,6,12,29,False
2026-06-26,B-,9,3,35,False
2026-06-27,B-,6,5,36,False
2026-06-28,B-,11,0,47,False
2026-06-29,B-,15,9,53,False
2026-06-30,B-,8,6,55,False
2026-07-01,B-,5,7,53,False
2026-07-02,B-,7,11,49,False
2026-07-03,B-,6,6,49,False
2026-07-04,B-,6,7,48,False
2026-07-05,B-,12,6,54,False
2026-07-06,B-,7,7,54,False
2026-07-07,B-,6,7,53,False
2026-07-08,B-,14,8,59,False
2026-07-09,B-,11,6,64,False
2026-07-10,B-,5,8,61,False
2026-07-11,B-,5,3,63,False
2026-07-12,B-,2,8,57,False
2026-07-13,B-,8,5,60,False
2026-07-14,B-,6,8,58,False
2026-07-15,B-,10,12,56,False
2026-07-16,B-,8,7,57,False
2026-07-17,B-,9,5,61,False
2026-07-18,B-,7,14,54,False
2026-07-19,B-,4,8,50,False
2026-07-20,B-,5,9,46,False
2026-07-21,B-,12,9,49,False
2026-07-22,B-,9,7,51,False
2026-07-23,B-,10,10,51,False
2026-07-24,B-,11,4,58,False
2026-07-25,B-,5,7,56,False
2026-07-26,B-,4,7,53,False
2026-07-27,B-,5,6,52,False
2026-07-28,B-,11,4,59,False
2026-07-29,B-,5,14,50,False
2026-07-30,B-,9,9,50,False
2026-07-31,B-,10,6,54,False
2026-08-01,B-,7,3,58,False
2026-08-02,B-,5,0,63,False
2026-08-03,B-,5,8,60,False
2026-08-04,B-,7,9,58,False
2026-08-05,B-,8,5,61,False
2026-08-06,B-,7,9,59,False
2026-08-07,B-,7,9,57,False
2026-08-08,B-,14,8,63,False
2026-08-09,B-,5,5,63,False
2026-08-10,B-,8,5,66,False
2026-08-11,B-,8,9,65,False
2026-08-12,B-,3,11,57,False
2026-08-13,B-,14,9,62,False
2026-08-14,B-,11,4,69,False
2026-08-15,B-,8,4,73,False
2026-08-16,B-,3,4,72,False
2026-08-17,B-,3,8,67,False
2026-08-18,B-,6,11,62,False
2026-08-19,B-,9,4,67,False
2026-08-20,B-,7,3,71,False
2026-08-21,B-,5,10,66,False
2026-08-22,B-,4,7,63,False
2026-08-23,B-,4,5,62,False
2026-08-24,B-,9,10,61,False
2026-08-25,B-,9,9,61,False
2026-08-26,B-,9,4,66,False
2026-08-27,B-,4,7,63,False
2026-08-28,B-,8,12,59,False
2026-08-29,B-,9,3,65,False
2026-08-30,B-,5,5,65,False
2026-08-31,B-,6,8,63,False
2026-09-01,B-,8,4,67,False
2026-09-02,B-,8,10,65,False
2026-09-03,B-,12,6,71,False
2026-09-04,B-,3,4,70,False
2026-09-05,B-,1,8,63,False
2026-09-06,B-,5,8,60,False
2026-09-07,B-,9,9,60,False
2026-09-08,B-,7,4,63,False
2026-09-09,B-,3,9,57,False
2026-09-10,B-,5,4,58,False
2026-09-11,B-,8,9,57,False
2026-09-12,B-,5,6,56,False
2026-09-13,B-,5,4,57,False
2026-09-14,B-,5,10,52,False
2026-09-15,B-,5,5,52,False
2026-09-16,B-,13,6,59,False
2026-09-17,B-,9,5,63,False
2026-09-18,B-,4,16,51,False
2026-09-19,B-,4,8,47,False
2026-09-20,B-,1,2,46,False
2026-09-21,B-,6,7,45,False
2026-03-26,AB+,12,11,155,False
2026-03-27,AB+,8,12,151,False
2026-03-28,AB+,14,12,153,False
2026-03-29,AB+,9,8,154,False
2026-03-30,AB+,15,16,153,False
2026-03-31,AB+,10,17,146,False
2026-04-01,AB+,13,8,151,False
2026-04-02,AB+,11,18,144,False
2026-04-03,AB+,4,10,138,True
2026-04-04,AB+,5,6,137,False
2026-04-05,AB+,4,7,134,False
2026-04-06,AB+,5,16,123,True
2026-04-07,AB+,16,14,125,False
2026-04-08,AB+,13,15,123,False
2026-04-09,AB+,15,9,129,False
2026-04-10,AB+,14,10,133,False
2026-04-11,AB+,7,14,126,False
2026-04-12,AB+,5,6,125,False
2026-04-13,AB+,7,10,122,False
2026-04-14,AB+,6,17,111,False
2026-04-15,AB+,19,17,113,False
2026-04-16,AB+,19,12,120,False
2026-04-17,AB+,15,12,123,False
2026-04-18,AB+,20,7,136,False
2026-04-19,AB+,8,10,134,False
2026-04-20,AB+,12,13,133,False
2026-04-21,AB+,13,11,135,False
2026-04-22,AB+,17,10,142,False
2026-04-23,AB+,16,9,149,False
2026-04-24,AB+,16,14,151,False
2026-04-25,AB+,8,8,151,False
2026-04-26,AB+,5,3,153,False
2026-04-27,AB+,11,16,148,False
2026-04-28,AB+,12,12,148,False
2026-04-29,AB+,12,16,144,False
2026-04-30,AB+,19,9,154,False
2026-05-01,AB+,4,8,150,True
2026-05-02,AB+,7,16,141,False
2026-05-03,AB+,12,7,146,False
2026-05-04,AB+,11,8,149,False
2026-05-05,AB+,10,19,140,False
2026-05-06,AB+,12,12,140,False
2026-05-07,AB+,17,11,146,False
2026-05-08,AB+,10,10,146,False
2026-05-09,AB+,7,7,146,False
2026-05-10,AB+,12,13,145,False
2026-05-11,AB+,16,13,148,False
2026-05-12,AB+,8,15,141,False
2026-05-13,AB+,9,11,139,False
2026-05-14,AB+,7,9,137,True
2026-05-15,AB+,9,6,140,False
2026-05-16,AB+,9,1,148,False
2026-05-17,AB+,9,4,153,False
2026-05-18,AB+,11,10,154,False
2026-05-19,AB+,11,14,151,False
2026-05-20,AB+,13,13,151,False
2026-05-21,AB+,14,9,156,False
2026-05-22,AB+,15,7,164,False
2026-05-23,AB+,9,6,167,False
2026-05-24,AB+,7,9,165,False
2026-05-25,AB+,2,15,152,True
2026-05-26,AB+,6,10,148,False
2026-05-27,AB+,11,16,143,False
2026-05-28,AB+,17,16,144,False
2026-05-29,AB+,11,12,143,False
2026-05-30,AB+,6,8,141,False
2026-05-31,AB+,6,11,136,False
2026-06-01,AB+,17,12,141,False
2026-06-02,AB+,15,14,142,False
2026-06-03,AB+,14,14,142,False
2026-06-04,AB+,13,11,144,False
2026-06-05,AB+,9,11,142,False
2026-06-06,AB+,14,3,153,False
2026-06-07,AB+,6,9,150,False
2026-06-08,AB+,9,10,149,False
2026-06-09,AB+,10,11,148,False
2026-06-10,AB+,12,9,151,False
2026-06-11,AB+,14,15,150,False
2026-06-12,AB+,11,7,154,False
2026-06-13,AB+,12,9,157,False
2026-06-14,AB+,3,7,153,False
2026-06-15,AB+,15,12,156,False
2026-06-16,AB+,20,18,158,False
2026-06-17,AB+,18,21,155,False
2026-06-18,AB+,5,13,147,False
2026-06-19,AB+,14,11,150,False
2026-06-20,AB+,13,7,156,False
2026-06-21,AB+,4,7,153,False
2026-06-22,AB+,13,11,155,False
2026-06-23,AB+,7,16,146,False
2026-06-24,AB+,18,9,155,False
2026-06-25,AB+,10,13,152,False
2026-06-26,AB+,11,15,148,False
2026-06-27,AB+,9,6,151,False
2026-06-28,AB+,9,6,154,False
2026-06-29,AB+,8,21,141,False
2026-06-30,AB+,12,9,144,False
2026-07-01,AB+,17,12,149,False
2026-07-02,AB+,14,6,157,False
2026-07-03,AB+,14,6,165,False
2026-07-04,AB+,4,16,153,False
2026-07-05,AB+,12,10,155,False
2026-07-06,AB+,9,10,154,False
2026-07-07,AB+,6,12,148,False
2026-07-08,AB+,15,11,152,False
2026-07-09,AB+,7,9,150,False
2026-07-10,AB+,18,9,159,False
2026-07-11,AB+,12,11,160,False
2026-07-12,AB+,7,5,162,False
2026-07-13,AB+,13,11,164,False
2026-07-14,AB+,15,6,173,False
2026-07-15,AB+,6,9,170,False
2026-07-16,AB+,8,15,163,False
2026-07-17,AB+,13,15,161,False
2026-07-18,AB+,8,5,164,False
2026-07-19,AB+,5,6,163,False
2026-07-20,AB+,14,10,167,False
2026-07-21,AB+,10,8,169,False
2026-07-22,AB+,10,12,167,False
2026-07-23,AB+,15,11,171,False
2026-07-24,AB+,9,15,165,False
2026-07-25,AB+,8,10,163,False
2026-07-26,AB+,6,7,162,False
2026-07-27,AB+,8,9,161,False
2026-07-28,AB+,11,13,159,False
2026-07-29,AB+,8,9,158,False
2026-07-30,AB+,15,13,160,False
2026-07-31,AB+,13,10,163,False
2026-08-01,AB+,7,14,156,False
2026-08-02,AB+,5,7,154,False
2026-08-03,AB+,4,11,147,False
2026-08-04,AB+,14,13,148,False
2026-08-05,AB+,17,16,149,False
2026-08-06,AB+,11,17,143,False
2026-08-07,AB+,7,8,142,False
2026-08-08,AB+,15,12,145,False
2026-08-09,AB+,7,5,147,False
2026-08-10,AB+,19,9,157,False
2026-08-11,AB+,14,14,157,False
2026-08-12,AB+,11,7,161,False
2026-08-13,AB+,13,9,165,False
2026-08-14,AB+,10,10,165,False
2026-08-15,AB+,14,15,164,False
2026-08-16,AB+,4,7,161,False
2026-08-17,AB+,8,8,161,False
2026-08-18,AB+,13,17,157,False
2026-08-19,AB+,15,10,162,False
2026-08-20,AB+,9,8,163,False
2026-08-21,AB+,5,9,159,False
2026-08-22,AB+,5,9,155,False
2026-08-23,AB+,11,10,156,False
2026-08-24,AB+,15,7,164,False
2026-08-25,AB+,8,16,156,False
2026-08-26,AB+,13,13,156,False
2026-08-27,AB+,11,16,151,False
2026-08-28,AB+,14,13,152,False
2026-08-29,AB+,12,7,157,False
2026-08-30,AB+,9,9,157,False
2026-08-31,AB+,11,10,158,False
2026-09-01,AB+,7,13,152,False
2026-09-02,AB+,18,15,155,False
2026-09-03,AB+,8,12,151,False
2026-09-04,AB+,9,14,146,False
2026-09-05,AB+,16,9,153,False
2026-09-06,AB+,6,21,138,False
2026-09-07,AB+,7,9,136,False
2026-09-08,AB+,15,16,135,False
2026-09-09,AB+,10,12,133,False
2026-09-10,AB+,12,12,133,False
2026-09-11,AB+,19,12,140,False
2026-09-12,AB+,13,12,141,False
2026-09-13,AB+,5,9,137,False
2026-09-14,AB+,13,8,142,False
2026-09-15,AB+,19,12,149,False
2026-09-16,AB+,13,12,150,False
2026-09-17,AB+,16,9,157,False
2026-09-18,AB+,12,14,155,False
2026-09-19,AB+,16,8,163,False
2026-09-20,AB+,4,12,155,False
2026-09-21,AB+,15,10,160,False
2026-03-26,AB-,5,3,32,False
2026-03-27,AB-,4,5,31,False
2026-03-28,AB-,2,2,31,False
2026-03-29,AB-,5,1,35,False
2026-03-30,AB-,3,6,32,False
2026-03-31,AB-,4,1,35,False
2026-04-01,AB-,3,7,31,False
2026-04-02,AB-,5,4,32,False
2026-04-03,AB-,1,1,32,True
2026-04-04,AB-,5,5,32,False
2026-04-05,AB-,1,1,32,False
2026-04-06,AB-,1,5,28,True
2026-04-07,AB-,7,5,30,False
2026-04-08,AB-,6,3,33,False
2026-04-09,AB-,9,6,36,False
2026-04-10,AB-,7,7,36,False
2026-04-11,AB-,5,2,39,False
2026-04-12,AB-,2,5,36,False
2026-04-13,AB-,3,6,33,False
2026-04-14,AB-,6,6,33,False
2026-04-15,AB-,7,3,37,False
2026-04-16,AB-,2,4,35,False
2026-04-17,AB-,2,4,33,False
2026-04-18,AB-,7,5,35,False
2026-04-19,AB-,2,4,33,False
2026-04-20,AB-,7,4,36,False
2026-04-21,AB-,6,7,35,False
2026-04-22,AB-,5,8,32,False
2026-04-23,AB-,1,6,27,False
2026-04-24,AB-,3,4,26,False
2026-04-25,AB-,5,4,27,False
2026-04-26,AB-,5,3,29,False
2026-04-27,AB-,4,7,26,False
2026-04-28,AB-,6,10,22,False
2026-04-29,AB-,7,6,23,False
2026-04-30,AB-,7,2,28,False
2026-05-01,AB-,3,3,28,True
2026-05-02,AB-,4,4,28,False
2026-05-03,AB-,1,3,26,False
2026-05-04,AB-,4,2,28,False
2026-05-05,AB-,6,4,30,False
2026-05-06,AB-,7,6,31,False
2026-05-07,AB-,6,3,34,False
2026-05-08,AB-,3,3,34,False
2026-05-09,AB-,1,2,33,False
2026-05-10,AB-,2,4,31,False
2026-05-11,AB-,0,5,26,False
2026-05-12,AB-,4,5,25,False
2026-05-13,AB-,7,5,27,False
2026-05-14,AB-,2,2,27,True
2026-05-15,AB-,5,2,30,False
2026-05-16,AB-,1,5,26,False
2026-05-17,AB-,2,2,26,False
2026-05-18,AB-,7,9,24,False
2026-05-19,AB-,6,9,21,False
2026-05-20,AB-,2,4,19,False
2026-05-21,AB-,6,6,19,False
2026-05-22,AB-,11,7,23,False
2026-05-23,AB-,3,5,21,False
2026-05-24,AB-,4,1,24,False
2026-05-25,AB-,1,6,19,True
2026-05-26,AB-,1,5,15,False
2026-05-27,AB-,7,3,19,False
2026-05-28,AB-,10,2,27,False
2026-05-29,AB-,3,3,27,False
2026-05-30,AB-,2,3,26,False
2026-05-31,AB-,6,7,25,False
2026-06-01,AB-,7,3,29,False
2026-06-02,AB-,4,4,29,False
2026-06-03,AB-,3,5,27,False
2026-06-04,AB-,6,5,28,False
2026-06-05,AB-,5,5,28,False
2026-06-06,AB-,4,3,29,False
2026-06-07,AB-,1,2,28,False
2026-06-08,AB-,5,3,30,False
2026-06-09,AB-,7,3,34,False
2026-06-10,AB-,2,4,32,False
2026-06-11,AB-,4,9,27,False
2026-06-12,AB-,4,4,27,False
2026-06-13,AB-,0,5,22,False
2026-06-14,AB-,4,1,25,False
2026-06-15,AB-,2,4,23,False
2026-06-16,AB-,4,3,24,False
2026-06-17,AB-,6,7,23,False
2026-06-18,AB-,4,5,22,False
2026-06-19,AB-,5,3,24,False
2026-06-20,AB-,3,1,26,False
2026-06-21,AB-,2,3,25,False
2026-06-22,AB-,5,3,27,False
2026-06-23,AB-,4,8,23,False
2026-06-24,AB-,4,4,23,False
2026-06-25,AB-,6,4,25,False
2026-06-26,AB-,6,5,26,False
2026-06-27,AB-,4,4,26,False
2026-06-28,AB-,2,3,25,False
2026-06-29,AB-,4,5,24,False
2026-06-30,AB-,8,7,25,False
2026-07-01,AB-,3,6,22,False
2026-07-02,AB-,10,4,28,False
2026-07-03,AB-,3,3,28,False
2026-07-04,AB-,6,4,30,False
2026-07-05,AB-,4,1,33,False
2026-07-06,AB-,6,3,36,False
2026-07-07,AB-,7,5,38,False
2026-07-08,AB-,7,3,42,False
2026-07-09,AB-,2,5,39,False
2026-07-10,AB-,2,4,37,False
2026-07-11,AB-,2,2,37,False
2026-07-12,AB-,1,3,35,False
2026-07-13,AB-,6,1,40,False
2026-07-14,AB-,4,7,37,False
2026-07-15,AB-,2,6,33,False
2026-07-16,AB-,1,3,31,False
2026-07-17,AB-,9,7,33,False
2026-07-18,AB-,3,4,32,False
2026-07-19,AB-,2,1,33,False
2026-07-20,AB-,4,2,35,False
2026-07-21,AB-,4,2,37,False
2026-07-22,AB-,3,3,37,False
2026-07-23,AB-,2,4,35,False
2026-07-24,AB-,1,5,31,False
2026-07-25,AB-,7,2,36,False
2026-07-26,AB-,1,3,34,False
2026-07-27,AB-,2,3,33,False
2026-07-28,AB-,1,4,30,False
2026-07-29,AB-,7,6,31,False
2026-07-30,AB-,3,5,29,False
2026-07-31,AB-,6,8,27,False
2026-08-01,AB-,3,2,28,False
2026-08-02,AB-,1,1,28,False
2026-08-03,AB-,5,5,28,False
2026-08-04,AB-,3,4,27,False
2026-08-05,AB-,5,9,23,False
2026-08-06,AB-,1,4,20,False
2026-08-07,AB-,4,5,19,False
2026-08-08,AB-,6,4,21,False
2026-08-09,AB-,0,1,20,False
2026-08-10,AB-,3,3,20,False
2026-08-11,AB-,8,6,22,False
2026-08-12,AB-,3,0,25,False
2026-08-13,AB-,8,4,29,False
2026-08-14,AB-,2,4,27,False
2026-08-15,AB-,7,3,31,False
2026-08-16,AB-,3,5,29,False
2026-08-17,AB-,5,8,26,False
2026-08-18,AB-,8,3,31,False
2026-08-19,AB-,4,4,31,False
2026-08-20,AB-,4,2,33,False
2026-08-21,AB-,2,4,31,False
2026-08-22,AB-,2,1,32,False
2026-08-23,AB-,3,0,35,False
2026-08-24,AB-,1,8,28,False
2026-08-25,AB-,4,5,27,False
2026-08-26,AB-,3,5,25,False
2026-08-27,AB-,1,4,22,False
2026-08-28,AB-,7,7,22,False
2026-08-29,AB-,1,1,22,False
2026-08-30,AB-,3,2,23,False
2026-08-31,AB-,6,3,26,False
2026-09-01,AB-,8,7,27,False
2026-09-02,AB-,5,3,29,False
2026-09-03,AB-,4,2,31,False
2026-09-04,AB-,2,8,25,False
2026-09-05,AB-,2,3,24,False
2026-09-06,AB-,1,0,25,False
2026-09-07,AB-,4,2,27,False
2026-09-08,AB-,8,4,31,False
2026-09-09,AB-,7,4,34,False
2026-09-10,AB-,9,2,41,False
2026-09-11,AB-,3,1,43,False
2026-09-12,AB-,2,4,41,False
2026-09-13,AB-,4,2,43,False
2026-09-14,AB-,3,3,43,False
2026-09-15,AB-,3,4,42,False
2026-09-16,AB-,6,11,37,False
2026-09-17,AB-,3,3,37,False
2026-09-18,AB-,2,5,34,False
2026-09-19,AB-,3,6,31,False
2026-09-20,AB-,3,3,31,False
2026-09-21,AB-,3,8,26,False
